<?xml version="1.0" encoding="UTF-8"?>
<metadata xml:lang="en"><Esri><CreaDate>20190617</CreaDate><CreaTime>13510800</CreaTime><ArcGISFormat>1.0</ArcGISFormat><SyncOnce>TRUE</SyncOnce><DataProperties><itemProps><itemLocation><linkage Sync="TRUE">file://\\D1NY0N2\Users\shab0021\Dropbox\FLINDERS_Project\Koala\SHARED_OUTPUTS\Final\All_Layers\MEDMID.tif</linkage><protocol Sync="TRUE">Local Area Network</protocol></itemLocation></itemProps><copyHistory><copy source="C:\Users\shab0021\Dropbox\FLINDERS_Project\Koala\SHARED_OUTPUTS\MEDMID.tif" dest="\\D1NY0N2\Users\shab0021\Dropbox\FLINDERS_Project\Koala\SHARED_OUTPUTS\Final\All_Layers\MEDMID.tif" date="20190617" time="13510800"></copy></copyHistory></DataProperties></Esri></metadata>
