<?xml version="1.0" encoding="UTF-8"?>
<metadata xml:lang="en"><Esri><CreaDate>20190617</CreaDate><CreaTime>13510900</CreaTime><ArcGISFormat>1.0</ArcGISFormat><SyncOnce>TRUE</SyncOnce><DataProperties><itemProps><itemLocation><linkage Sync="TRUE">file://\\D1NY0N2\Users\shab0021\Dropbox\FLINDERS_Project\Koala\SHARED_OUTPUTS\Final\All_Layers\proj_current_Koala_ensemble.img</linkage><protocol Sync="TRUE">Local Area Network</protocol></itemLocation></itemProps><copyHistory><copy source="C:\Users\shab0021\Dropbox\FLINDERS_Project\Koala\SHARED_OUTPUTS\proj_current_Koala_ensemble.img" dest="\\D1NY0N2\Users\shab0021\Dropbox\FLINDERS_Project\Koala\SHARED_OUTPUTS\Final\All_Layers\proj_current_Koala_ensemble.img" date="20190617" time="13510900"></copy></copyHistory></DataProperties></Esri></metadata>
